22-336-0863,1/5/23,67407,INFEWS SUBMISSION 1 MINNEAPOLIS-ST PAUL METRO,1542092,1,40942129,,,,,,,,,,,,,,0,,,,,0,,,,0,0,,"",0,,0,,0,,0,,0,,0,,0,,,,0,,"",,
22-336-0863,1/5/23,67407,INFEWS SUBMISSION 1 MINNEAPOLIS-ST PAUL METRO,1542092,2,40942130,,,,,,,,,,,,,,0,,,,,0,,,,0,0,,"",0,,0,,0,,0,,0,,0,,0,,,,0,,"",,
22-336-0863,1/5/23,67407,INFEWS SUBMISSION 1 MINNEAPOLIS-ST PAUL METRO,1542092,3,40942131,,,,,,,,,,,,,,0,,,,,0,,,,0,0,,"",0,,0,,0,,0,,0,,0,,0,,,,0,,"",,
22-336-0863,1/5/23,67407,INFEWS SUBMISSION 1 MINNEAPOLIS-ST PAUL METRO,1542092,4,40942132,,,,,,,,,,,,,,0,,,,,0,,,,0,0,,"",0,,0,,0,,0,,0,,0,,0,,,,0,,"",,
22-336-0863,1/5/23,67407,INFEWS SUBMISSION 1 MINNEAPOLIS-ST PAUL METRO,1542092,5,40942133,,,,,,,,,,,,,,0,,,,,0,,,,0,0,,"",0,,0,,0,,0,,0,,0,,0,,,,0,,"",,
22-336-0863,1/5/23,67407,INFEWS SUBMISSION 1 MINNEAPOLIS-ST PAUL METRO,1542092,6,40942134,,,,,,,,,,,,,,0,,,,,0,,,,0,0,,"",0,,0,,0,,0,,0,,0,,0,,,,0,,"",,
22-336-0863,1/5/23,67407,INFEWS SUBMISSION 1 MINNEAPOLIS-ST PAUL METRO,1542092,7,40942135,,,,,,,,,,,,,,0,,,,,0,,,,0,0,,"",0,,0,,0,,0,,0,,0,,0,,,,0,,"",,
22-336-0863,1/5/23,67407,INFEWS SUBMISSION 1 MINNEAPOLIS-ST PAUL METRO,1542092,8,40942136,,,,,,,,,,,,,,0,,,,,0,,,,0,0,,"",0,,0,,0,,0,,0,,0,,0,,,,0,,"",,
22-336-0863,1/5/23,67407,INFEWS SUBMISSION 1 MINNEAPOLIS-ST PAUL METRO,1542092,9,40942137,,,,,,,,,,,,,,0,,,,,0,,,,0,0,,"",0,,0,,0,,0,,0,,0,,0,,,,0,,"",,
22-336-0863,1/5/23,67407,INFEWS SUBMISSION 1 MINNEAPOLIS-ST PAUL METRO,1542092,10,40942138,,,,,,,,,,,,,,0,,,,,0,,,,0,0,,"",0,,0,,0,,0,,0,,0,,0,,,,0,,"",,
22-336-0863,1/5/23,67407,INFEWS SUBMISSION 1 MINNEAPOLIS-ST PAUL METRO,1542092,11,40942139,,,,,,,,,,,,,,0,,,,,0,,,,0,0,,"",0,,0,,0,,0,,0,,0,,0,,,,0,,"",,
22-336-0863,1/5/23,67407,INFEWS SUBMISSION 1 MINNEAPOLIS-ST PAUL METRO,1542092,12,40942140,,,,,,,,,,,,,,0,,,,,0,,,,0,0,,"",0,,0,,0,,0,,0,,0,,0,,,,0,,"",,
22-336-0863,1/5/23,67407,INFEWS SUBMISSION 1 MINNEAPOLIS-ST PAUL METRO,1542092,14,40942141,,,,,,,,,,,,,,0,,,,,0,,,,0,0,,"",0,,0,,0,,0,,0,,0,,0,,,,0,,"",,
22-336-0863,1/5/23,67407,INFEWS SUBMISSION 1 MINNEAPOLIS-ST PAUL METRO,1542092,15,40942142,,,,,,,,,,,,,,0,,,,,0,,,,0,0,,"",0,,0,,0,,0,,0,,0,,0,,,,0,,"",,
22-336-0863,1/5/23,67407,INFEWS SUBMISSION 1 MINNEAPOLIS-ST PAUL METRO,1542092,16,40942143,,,,,,,,,,,,,,0,,,,,0,,,,0,0,,"",0,,0,,0,,0,,0,,0,,0,,,,0,,"",,
22-336-0863,1/5/23,67407,INFEWS SUBMISSION 1 MINNEAPOLIS-ST PAUL METRO,1542092,17,40942144,,,,,,,,,,,,,,0,,,,,0,,,,0,0,,"",0,,0,,0,,0,,0,,0,,0,,,,0,,"",,
22-336-0863,1/5/23,67407,INFEWS SUBMISSION 1 MINNEAPOLIS-ST PAUL METRO,1542092,18,40942145,,,,,,,,,,,,,,0,,,,,0,,,,0,0,,"",0,,0,,0,,0,,0,,0,,0,,,,0,,"",,
22-336-0863,1/5/23,67407,INFEWS SUBMISSION 1 MINNEAPOLIS-ST PAUL METRO,1542092,21,40942146,,,,,,,,,,,,,,0,,,,,0,,,,0,0,,"",0,,0,,0,,0,,0,,0,,0,,,,0,,"",,
22-336-0863,1/5/23,67407,INFEWS SUBMISSION 1 MINNEAPOLIS-ST PAUL METRO,1542092,25,40942147,,,,,,,,,,,,,,0,,,,,0,,,,0,0,,"",0,,0,,0,,0,,0,,0,,0,,,,0,,"",,
22-336-0863,1/5/23,67407,INFEWS SUBMISSION 1 MINNEAPOLIS-ST PAUL METRO,1542092,26,40942148,,,,,,,,,,,,,,0,,,,,0,,,,0,0,,"",0,,0,,0,,0,,0,,0,,0,,,,0,,"",,
22-336-0863,1/5/23,67407,INFEWS SUBMISSION 1 MINNEAPOLIS-ST PAUL METRO,1542092,27,40942149,,,,,,,,,,,,,,0,,,,,0,,,,0,0,,"",0,,0,,0,,0,,0,,0,,0,,,,0,,"",,
22-336-0863,1/5/23,67407,INFEWS SUBMISSION 1 MINNEAPOLIS-ST PAUL METRO,1542092,28,40942150,,,,,,,,,,,,,,0,,,,,0,,,,0,0,,"",0,,0,,0,,0,,0,,0,,0,,,,0,,"",,
22-336-0863,1/5/23,67407,INFEWS SUBMISSION 1 MINNEAPOLIS-ST PAUL METRO,1542092,29,40942151,,,,,,,,,,,,,,0,,,,,0,,,,0,0,,"",0,,0,,0,,0,,0,,0,,0,,,,0,,"",,
22-336-0863,1/5/23,67407,INFEWS SUBMISSION 1 MINNEAPOLIS-ST PAUL METRO,1542092,30,40942152,,,,,,,,,,,,,,0,,,,,0,,,,0,0,,"",0,,0,,0,,0,,0,,0,,0,,,,0,,"",,
22-336-0863,1/5/23,67407,INFEWS SUBMISSION 1 MINNEAPOLIS-ST PAUL METRO,1542092,31,40942153,,,,,,,,,,,,,,0,,,,,0,,,,0,0,,"",0,,0,,0,,0,,0,,0,,0,,,,0,,"",,
22-336-0863,1/5/23,67407,INFEWS SUBMISSION 1 MINNEAPOLIS-ST PAUL METRO,1542092,32,40942154,,,,,,,,,,,,,,0,,,,,0,,,,0,0,,"",0,,0,,0,,0,,0,,0,,0,,,,0,,"",,
22-336-0863,1/5/23,67407,INFEWS SUBMISSION 1 MINNEAPOLIS-ST PAUL METRO,1542092,33,40942155,,,,,,,,,,,,,,0,,,,,0,,,,0,0,,"",0,,0,,0,,0,,0,,0,,0,,,,0,,"",,
22-336-0863,1/5/23,67407,INFEWS SUBMISSION 1 MINNEAPOLIS-ST PAUL METRO,1542092,34,40942156,,,,,,,,,,,,,,0,,,,,0,,,,0,0,,"",0,,0,,0,,0,,0,,0,,0,,,,0,,"",,
22-336-0863,1/5/23,67407,INFEWS SUBMISSION 1 MINNEAPOLIS-ST PAUL METRO,1542092,35,40942157,,,,,,,,,,,,,,0,,,,,0,,,,0,0,,"",0,,0,,0,,0,,0,,0,,0,,,,0,,"",,
22-336-0863,1/5/23,67407,INFEWS SUBMISSION 1 MINNEAPOLIS-ST PAUL METRO,1542092,36,40942158,,,,,,,,,,,,,,0,,,,,0,,,,0,0,,"",0,,0,,0,,0,,0,,0,,0,,,,0,,"",,
22-336-0863,1/5/23,67407,INFEWS SUBMISSION 1 MINNEAPOLIS-ST PAUL METRO,1542092,37,40942160,,,,,,,,,,,,,,0,,,,,0,,,,0,0,,"",0,,0,,0,,0,,0,,0,,0,,,,0,,"",,
22-336-0863,1/5/23,67407,INFEWS SUBMISSION 1 MINNEAPOLIS-ST PAUL METRO,1542092,38,40942161,,,,,,,,,,,,,,0,,,,,0,,,,0,0,,"",0,,0,,0,,0,,0,,0,,0,,,,0,,"",,
22-336-0863,1/5/23,67407,INFEWS SUBMISSION 1 MINNEAPOLIS-ST PAUL METRO,1542092,39,40942162,,,,,,,,,,,,,,0,,,,,0,,,,0,0,,"",0,,0,,0,,0,,0,,0,,0,,,,0,,"",,
22-336-0863,1/5/23,67407,INFEWS SUBMISSION 1 MINNEAPOLIS-ST PAUL METRO,1542092,40,40942163,,,,,,,,,,,,,,0,,,,,0,,,,0,0,,"",0,,0,,0,,0,,0,,0,,0,,,,0,,"",,
22-336-0863,1/5/23,67407,INFEWS SUBMISSION 1 MINNEAPOLIS-ST PAUL METRO,1542092,41,40942164,,,,,,,,,,,,,,0,,,,,0,,,,0,0,,"",0,,0,,0,,0,,0,,0,,0,,,,0,,"",,
22-336-0863,1/5/23,67407,INFEWS SUBMISSION 1 MINNEAPOLIS-ST PAUL METRO,1542092,42,40942165,,,,,,,,,,,,,,0,,,,,0,,,,0,0,,"",0,,0,,0,,0,,0,,0,,0,,,,0,,"",,
22-336-0863,1/5/23,67407,INFEWS SUBMISSION 1 MINNEAPOLIS-ST PAUL METRO,1542092,43,40942166,,,,,,,,,,,,,,0,,,,,0,,,,0,0,,"",0,,0,,0,,0,,0,,0,,0,,,,0,,"",,
22-336-0863,1/5/23,67407,INFEWS SUBMISSION 1 MINNEAPOLIS-ST PAUL METRO,1542092,44,40942167,,,,,,,,,,,,,,0,,,,,0,,,,0,0,,"",0,,0,,0,,0,,0,,0,,0,,,,0,,"",,
22-336-0863,1/5/23,67407,INFEWS SUBMISSION 1 MINNEAPOLIS-ST PAUL METRO,1542092,45,40942168,,,,,,,,,,,,,,0,,,,,0,,,,0,0,,"",0,,0,,0,,0,,0,,0,,0,,,,0,,"",,
22-336-0863,1/5/23,67407,INFEWS SUBMISSION 1 MINNEAPOLIS-ST PAUL METRO,1542092,46,40942169,,,,,,,,,,,,,,0,,,,,0,,,,0,0,,"",0,,0,,0,,0,,0,,0,,0,,,,0,,"",,
22-336-0863,1/5/23,67407,INFEWS SUBMISSION 1 MINNEAPOLIS-ST PAUL METRO,1542092,47,40942170,,,,,,,,,,,,,,0,,,,,0,,,,0,0,,"",0,,0,,0,,0,,0,,0,,0,,,,0,,"",,
22-336-0863,1/5/23,67407,INFEWS SUBMISSION 1 MINNEAPOLIS-ST PAUL METRO,1542092,48,40942171,,,,,,,,,,,,,,0,,,,,0,,,,0,0,,"",0,,0,,0,,0,,0,,0,,0,,,,0,,"",,
22-336-0863,1/5/23,67407,INFEWS SUBMISSION 1 MINNEAPOLIS-ST PAUL METRO,1542092,49,40942172,,,,,,,,,,,,,,0,,,,,0,,,,0,0,,"",0,,0,,0,,0,,0,,0,,0,,,,0,,"",,
22-336-0863,1/5/23,67407,INFEWS SUBMISSION 1 MINNEAPOLIS-ST PAUL METRO,1542092,50,40942173,,,,,,,,,,,,,,0,,,,,0,,,,0,0,,"",0,,0,,0,,0,,0,,0,,0,,,,0,,"",,
22-336-0863,1/5/23,67407,INFEWS SUBMISSION 1 MINNEAPOLIS-ST PAUL METRO,1542092,51,40942174,,,,,,,,,,,,,,0,,,,,0,,,,0,0,,"",0,,0,,0,,0,,0,,0,,0,,,,0,,"",,
22-336-0863,1/5/23,67407,INFEWS SUBMISSION 1 MINNEAPOLIS-ST PAUL METRO,1542092,52,40942175,,,,,,,,,,,,,,0,,,,,0,,,,0,0,,"",0,,0,,0,,0,,0,,0,,0,,,,0,,"",,
22-336-0863,1/5/23,67407,INFEWS SUBMISSION 1 MINNEAPOLIS-ST PAUL METRO,1542092,53,40942176,,,,,,,,,,,,,,0,,,,,0,,,,0,0,,"",0,,0,,0,,0,,0,,0,,0,,,,0,,"",,
22-336-0863,1/5/23,67407,INFEWS SUBMISSION 1 MINNEAPOLIS-ST PAUL METRO,1542092,54,40942177,,,,,,,,,,,,,,0,,,,,0,,,,0,0,,"",0,,0,,0,,0,,0,,0,,0,,,,0,,"",,
22-336-0863,1/5/23,67407,INFEWS SUBMISSION 1 MINNEAPOLIS-ST PAUL METRO,1542092,55,40942178,,,,,,,,,,,,,,0,,,,,0,,,,0,0,,"",0,,0,,0,,0,,0,,0,,0,,,,0,,"",,
22-336-0863,1/5/23,67407,INFEWS SUBMISSION 1 MINNEAPOLIS-ST PAUL METRO,1542092,56,40942179,,,,,,,,,,,,,,0,,,,,0,,,,0,0,,"",0,,0,,0,,0,,0,,0,,0,,,,0,,"",,
22-336-0863,1/5/23,67407,INFEWS SUBMISSION 1 MINNEAPOLIS-ST PAUL METRO,1542092,57,40942180,,,,,,,,,,,,,,0,,,,,0,,,,0,0,,"",0,,0,,0,,0,,0,,0,,0,,,,0,,"",,
22-336-0863,1/5/23,67407,INFEWS SUBMISSION 1 MINNEAPOLIS-ST PAUL METRO,1542092,58,40942181,,,,,,,,,,,,,,0,,,,,0,,,,0,0,,"",0,,0,,0,,0,,0,,0,,0,,,,0,,"",,
22-336-0863,1/5/23,67407,INFEWS SUBMISSION 1 MINNEAPOLIS-ST PAUL METRO,1542092,59,40942182,,,,,,,,,,,,,,0,,,,,0,,,,0,0,,"",0,,0,,0,,0,,0,,0,,0,,,,0,,"",,
22-336-0863,1/5/23,67407,INFEWS SUBMISSION 1 MINNEAPOLIS-ST PAUL METRO,1542092,60,40942183,,,,,,,,,,,,,,0,,,,,0,,,,0,0,,"",0,,0,,0,,0,,0,,0,,0,,,,0,,"",,
22-336-0863,1/5/23,67407,INFEWS SUBMISSION 1 MINNEAPOLIS-ST PAUL METRO,1542092,61,40942184,,,,,,,,,,,,,,0,,,,,0,,,,0,0,,"",0,,0,,0,,0,,0,,0,,0,,,,0,,"",,
22-336-0863,1/5/23,67407,INFEWS SUBMISSION 1 MINNEAPOLIS-ST PAUL METRO,1542092,62,40942185,,,,,,,,,,,,,,0,,,,,0,,,,0,0,,"",0,,0,,0,,0,,0,,0,,0,,,,0,,"",,
22-336-0863,1/5/23,67407,INFEWS SUBMISSION 1 MINNEAPOLIS-ST PAUL METRO,1542092,63,40942186,,,,,,,,,,,,,,0,,,,,0,,,,0,0,,"",0,,0,,0,,0,,0,,0,,0,,,,0,,"",,
22-336-0863,1/5/23,67407,INFEWS SUBMISSION 1 MINNEAPOLIS-ST PAUL METRO,1542092,64,40942187,,,,,,,,,,,,,,0,,,,,0,,,,0,0,,"",0,,0,,0,,0,,0,,0,,0,,,,0,,"",,
22-336-0863,1/5/23,67407,INFEWS SUBMISSION 1 MINNEAPOLIS-ST PAUL METRO,1542092,65,40942188,,,,,,,,,,,,,,0,,,,,0,,,,0,0,,"",0,,0,,0,,0,,0,,0,,0,,,,0,,"",,
22-336-0863,1/5/23,67407,INFEWS SUBMISSION 1 MINNEAPOLIS-ST PAUL METRO,1542092,66,40942189,,,,,,,,,,,,,,0,,,,,0,,,,0,0,,"",0,,0,,0,,0,,0,,0,,0,,,,0,,"",,
22-336-0863,1/5/23,67407,INFEWS SUBMISSION 1 MINNEAPOLIS-ST PAUL METRO,1542092,67,40942190,,,,,,,,,,,,,,0,,,,,0,,,,0,0,,"",0,,0,,0,,0,,0,,0,,0,,,,0,,"",,
22-336-0863,1/5/23,67407,INFEWS SUBMISSION 1 MINNEAPOLIS-ST PAUL METRO,1542092,68,40942191,,,,,,,,,,,,,,0,,,,,0,,,,0,0,,"",0,,0,,0,,0,,0,,0,,0,,,,0,,"",,
22-336-0863,1/5/23,67407,INFEWS SUBMISSION 1 MINNEAPOLIS-ST PAUL METRO,1542092,69,40942192,,,,,,,,,,,,,,0,,,,,0,,,,0,0,,"",0,,0,,0,,0,,0,,0,,0,,,,0,,"",,
22-336-0863,1/5/23,67407,INFEWS SUBMISSION 1 MINNEAPOLIS-ST PAUL METRO,1542092,70,40942193,,,,,,,,,,,,,,0,,,,,0,,,,0,0,,"",0,,0,,0,,0,,0,,0,,0,,,,0,,"",,
22-336-0863,1/5/23,67407,INFEWS SUBMISSION 1 MINNEAPOLIS-ST PAUL METRO,1542092,71,40942194,,,,,,,,,,,,,,0,,,,,0,,,,0,0,,"",0,,0,,0,,0,,0,,0,,0,,,,0,,"",,
22-336-0863,1/5/23,67407,INFEWS SUBMISSION 1 MINNEAPOLIS-ST PAUL METRO,1542092,72,40942195,,,,,,,,,,,,,,0,,,,,0,,,,0,0,,"",0,,0,,0,,0,,0,,0,,0,,,,0,,"",,
22-336-0863,1/5/23,67407,INFEWS SUBMISSION 1 MINNEAPOLIS-ST PAUL METRO,1542092,73,40942196,,,,,,,,,,,,,,0,,,,,0,,,,0,0,,"",0,,0,,0,,0,,0,,0,,0,,,,0,,"",,
22-336-0863,1/5/23,67407,INFEWS SUBMISSION 1 MINNEAPOLIS-ST PAUL METRO,1542092,74,40942197,,,,,,,,,,,,,,0,,,,,0,,,,0,0,,"",0,,0,,0,,0,,0,,0,,0,,,,0,,"",,
22-336-0863,1/5/23,67407,INFEWS SUBMISSION 1 MINNEAPOLIS-ST PAUL METRO,1542092,75,40942199,,,,,,,,,,,,,,0,,,,,0,,,,0,0,,"",0,,0,,0,,0,,0,,0,,0,,,,0,,"",,
22-336-0863,1/5/23,67407,INFEWS SUBMISSION 1 MINNEAPOLIS-ST PAUL METRO,1542092,76,40942200,,,,,,,,,,,,,,0,,,,,0,,,,0,0,,"",0,,0,,0,,0,,0,,0,,0,,,,0,,"",,
22-336-0863,1/5/23,67407,INFEWS SUBMISSION 1 MINNEAPOLIS-ST PAUL METRO,1542092,77,40942201,,,,,,,,,,,,,,0,,,,,0,,,,0,0,,"",0,,0,,0,,0,,0,,0,,0,,,,0,,"",,
22-336-0863,1/5/23,67407,INFEWS SUBMISSION 1 MINNEAPOLIS-ST PAUL METRO,1542092,78,40942202,,,,,,,,,,,,,,0,,,,,0,,,,0,0,,"",0,,0,,0,,0,,0,,0,,0,,,,0,,"",,
22-336-0863,1/5/23,67407,INFEWS SUBMISSION 1 MINNEAPOLIS-ST PAUL METRO,1542092,79,40942203,,,,,,,,,,,,,,0,,,,,0,,,,0,0,,"",0,,0,,0,,0,,0,,0,,0,,,,0,,"",,
22-336-0863,1/5/23,67407,INFEWS SUBMISSION 1 MINNEAPOLIS-ST PAUL METRO,1542092,80,40942204,,,,,,,,,,,,,,0,,,,,0,,,,0,0,,"",0,,0,,0,,0,,0,,0,,0,,,,0,,"",,
22-336-0863,1/5/23,67407,INFEWS SUBMISSION 1 MINNEAPOLIS-ST PAUL METRO,1542092,81,40942205,,,,,,,,,,,,,,0,,,,,0,,,,0,0,,"",0,,0,,0,,0,,0,,0,,0,,,,0,,"",,
22-336-0863,1/5/23,67407,INFEWS SUBMISSION 1 MINNEAPOLIS-ST PAUL METRO,1542092,82,40942206,,,,,,,,,,,,,,0,,,,,0,,,,0,0,,"",0,,0,,0,,0,,0,,0,,0,,,,0,,"",,
22-336-0863,1/5/23,67407,INFEWS SUBMISSION 1 MINNEAPOLIS-ST PAUL METRO,1542092,83,40942207,,,,,,,,,,,,,,0,,,,,0,,,,0,0,,"",0,,0,,0,,0,,0,,0,,0,,,,0,,"",,
22-336-0863,1/5/23,67407,INFEWS SUBMISSION 1 MINNEAPOLIS-ST PAUL METRO,1542092,84,40942208,,,,,,,,,,,,,,0,,,,,0,,,,0,0,,"",0,,0,,0,,0,,0,,0,,0,,,,0,,"",,
22-336-0863,1/5/23,67407,INFEWS SUBMISSION 1 MINNEAPOLIS-ST PAUL METRO,1542092,85,40942209,,,,,,,,,,,,,,0,,,,,0,,,,0,0,,"",0,,0,,0,,0,,0,,0,,0,,,,0,,"",,
22-336-0863,1/5/23,67407,INFEWS SUBMISSION 1 MINNEAPOLIS-ST PAUL METRO,1542092,86,40942210,,,,,,,,,,,,,,0,,,,,0,,,,0,0,,"",0,,0,,0,,0,,0,,0,,0,,,,0,,"",,
22-336-0863,1/5/23,67407,INFEWS SUBMISSION 1 MINNEAPOLIS-ST PAUL METRO,1542092,87,40942211,,,,,,,,,,,,,,0,,,,,0,,,,0,0,,"",0,,0,,0,,0,,0,,0,,0,,,,0,,"",,
22-336-0863,1/5/23,67407,INFEWS SUBMISSION 1 MINNEAPOLIS-ST PAUL METRO,1542092,88,40942212,,,,,,,,,,,,,,0,,,,,0,,,,0,0,,"",0,,0,,0,,0,,0,,0,,0,,,,0,,"",,
22-336-0863,1/5/23,67407,INFEWS SUBMISSION 1 MINNEAPOLIS-ST PAUL METRO,1542092,89,40942213,,,,,,,,,,,,,,0,,,,,0,,,,0,0,,"",0,,0,,0,,0,,0,,0,,0,,,,0,,"",,
22-336-0863,1/5/23,67407,INFEWS SUBMISSION 1 MINNEAPOLIS-ST PAUL METRO,1542092,90,40942214,,,,,,,,,,,,,,0,,,,,0,,,,0,0,,"",0,,0,,0,,0,,0,,0,,0,,,,0,,"",,
22-336-0863,1/5/23,67407,INFEWS SUBMISSION 1 MINNEAPOLIS-ST PAUL METRO,1542092,91,40942215,,,,,,,,,,,,,,0,,,,,0,,,,0,0,,"",0,,0,,0,,0,,0,,0,,0,,,,0,,"",,
22-336-0863,1/5/23,67407,INFEWS SUBMISSION 1 MINNEAPOLIS-ST PAUL METRO,1542092,92,40942216,,,,,,,,,,,,,,0,,,,,0,,,,0,0,,"",0,,0,,0,,0,,0,,0,,0,,,,0,,"",,
22-336-0863,1/5/23,67407,INFEWS SUBMISSION 1 MINNEAPOLIS-ST PAUL METRO,1542092,93,40942217,,,,,,,,,,,,,,0,,,,,0,,,,0,0,,"",0,,0,,0,,0,,0,,0,,0,,,,0,,"",,
22-336-0863,1/5/23,67407,INFEWS SUBMISSION 1 MINNEAPOLIS-ST PAUL METRO,1542092,94,40942218,,,,,,,,,,,,,,0,,,,,0,,,,0,0,,"",0,,0,,0,,0,,0,,0,,0,,,,0,,"",,
22-336-0863,1/5/23,67407,INFEWS SUBMISSION 1 MINNEAPOLIS-ST PAUL METRO,1542092,95,40942219,,,,,,,,,,,,,,0,,,,,0,,,,0,0,,"",0,,0,,0,,0,,0,,0,,0,,,,0,,"",,
22-336-0863,1/5/23,67407,INFEWS SUBMISSION 1 MINNEAPOLIS-ST PAUL METRO,1542092,96,40942220,,,,,,,,,,,,,,0,,,,,0,,,,0,0,,"",0,,0,,0,,0,,0,,0,,0,,,,0,,"",,
22-336-0863,1/5/23,67407,INFEWS SUBMISSION 1 MINNEAPOLIS-ST PAUL METRO,1542092,97,40942221,,,,,,,,,,,,,,0,,,,,0,,,,0,0,,"",0,,0,,0,,0,,0,,0,,0,,,,0,,"",,
22-336-0863,1/5/23,67407,INFEWS SUBMISSION 1 MINNEAPOLIS-ST PAUL METRO,1542092,98,40942222,,,,,,,,,,,,,,0,,,,,0,,,,0,0,,"",0,,0,,0,,0,,0,,0,,0,,,,0,,"",,
22-336-0863,1/5/23,67407,INFEWS SUBMISSION 1 MINNEAPOLIS-ST PAUL METRO,1542092,99,40942223,,,,,,,,,,,,,,0,,,,,0,,,,0,0,,"",0,,0,,0,,0,,0,,0,,0,,,,0,,"",,
22-336-0863,1/5/23,67407,INFEWS SUBMISSION 1 MINNEAPOLIS-ST PAUL METRO,1542092,100,40942224,,,,,,,,,,,,,,0,,,,,0,,,,0,0,,"",0,,0,,0,,0,,0,,0,,0,,,,0,,"",,
22-336-0863,1/5/23,67407,INFEWS SUBMISSION 1 MINNEAPOLIS-ST PAUL METRO,1542092,101,40942225,,,,,,,,,,,,,,0,,,,,0,,,,0,0,,"",0,,0,,0,,0,,0,,0,,0,,,,0,,"",,
22-336-0863,1/5/23,67407,INFEWS SUBMISSION 1 MINNEAPOLIS-ST PAUL METRO,1542092,102,40942226,,,,,,,,,,,,,,0,,,,,0,,,,0,0,,"",0,,0,,0,,0,,0,,0,,0,,,,0,,"",,
22-336-0863,1/5/23,67407,INFEWS SUBMISSION 1 MINNEAPOLIS-ST PAUL METRO,1542092,103,40942227,,,,,,,,,,,,,,0,,,,,0,,,,0,0,,"",0,,0,,0,,0,,0,,0,,0,,,,0,,"",,
22-336-0863,1/5/23,67407,INFEWS SUBMISSION 1 MINNEAPOLIS-ST PAUL METRO,1542092,104,40942228,,,,,,,,,,,,,,0,,,,,0,,,,0,0,,"",0,,0,,0,,0,,0,,0,,0,,,,0,,"",,
22-336-0863,1/5/23,67407,INFEWS SUBMISSION 1 MINNEAPOLIS-ST PAUL METRO,1542092,105,40942229,,,,,,,,,,,,,,0,,,,,0,,,,0,0,,"",0,,0,,0,,0,,0,,0,,0,,,,0,,"",,
22-336-0863,1/5/23,67407,INFEWS SUBMISSION 1 MINNEAPOLIS-ST PAUL METRO,1542092,106,40942230,,,,,,,,,,,,,,0,,,,,0,,,,0,0,,"",0,,0,,0,,0,,0,,0,,0,,,,0,,"",,
22-336-0863,1/5/23,67407,INFEWS SUBMISSION 1 MINNEAPOLIS-ST PAUL METRO,1542092,107,40942231,,,,,,,,,,,,,,0,,,,,0,,,,0,0,,"",0,,0,,0,,0,,0,,0,,0,,,,0,,"",,
22-336-0863,1/5/23,67407,INFEWS SUBMISSION 1 MINNEAPOLIS-ST PAUL METRO,1542092,108,40942232,,,,,,,,,,,,,,0,,,,,0,,,,0,0,,"",0,,0,,0,,0,,0,,0,,0,,,,0,,"",,
22-336-0863,1/5/23,67407,INFEWS SUBMISSION 1 MINNEAPOLIS-ST PAUL METRO,1542092,109,40942233,,,,,,,,,,,,,,0,,,,,0,,,,0,0,,"",0,,0,,0,,0,,0,,0,,0,,,,0,,"",,
22-336-0863,1/5/23,67407,INFEWS SUBMISSION 1 MINNEAPOLIS-ST PAUL METRO,1542092,110,40942234,,,,,,,,,,,,,,0,,,,,0,,,,0,0,,"",0,,0,,0,,0,,0,,0,,0,,,,0,,"",,
22-336-0863,1/5/23,67407,INFEWS SUBMISSION 1 MINNEAPOLIS-ST PAUL METRO,1542092,111,40942235,,,,,,,,,,,,,,0,,,,,0,,,,0,0,,"",0,,0,,0,,0,,0,,0,,0,,,,0,,"",,
22-336-0863,1/5/23,67407,INFEWS SUBMISSION 1 MINNEAPOLIS-ST PAUL METRO,1542092,112,40942236,,,,,,,,,,,,,,0,,,,,0,,,,0,0,,"",0,,0,,0,,0,,0,,0,,0,,,,0,,"",,
22-336-0863,1/5/23,67407,INFEWS SUBMISSION 1 MINNEAPOLIS-ST PAUL METRO,1542092,113,40942238,,,,,,,,,,,,,,0,,,,,0,,,,0,0,,"",0,,0,,0,,0,,0,,0,,0,,,,0,,"",,
22-336-0863,1/5/23,67407,INFEWS SUBMISSION 1 MINNEAPOLIS-ST PAUL METRO,1542092,114,40942239,,,,,,,,,,,,,,0,,,,,0,,,,0,0,,"",0,,0,,0,,0,,0,,0,,0,,,,0,,"",,
22-336-0863,1/5/23,67407,INFEWS SUBMISSION 1 MINNEAPOLIS-ST PAUL METRO,1542092,115,40942240,,,,,,,,,,,,,,0,,,,,0,,,,0,0,,"",0,,0,,0,,0,,0,,0,,0,,,,0,,"",,
22-336-0863,1/5/23,67407,INFEWS SUBMISSION 1 MINNEAPOLIS-ST PAUL METRO,1542092,116,40942241,,,,,,,,,,,,,,0,,,,,0,,,,0,0,,"",0,,0,,0,,0,,0,,0,,0,,,,0,,"",,
22-336-0863,1/5/23,67407,INFEWS SUBMISSION 1 MINNEAPOLIS-ST PAUL METRO,1542092,117,40942242,,,,,,,,,,,,,,0,,,,,0,,,,0,0,,"",0,,0,,0,,0,,0,,0,,0,,,,0,,"",,
22-336-0863,1/5/23,67407,INFEWS SUBMISSION 1 MINNEAPOLIS-ST PAUL METRO,1542092,118,40942243,,,,,,,,,,,,,,0,,,,,0,,,,0,0,,"",0,,0,,0,,0,,0,,0,,0,,,,0,,"",,
22-336-0863,1/5/23,67407,INFEWS SUBMISSION 1 MINNEAPOLIS-ST PAUL METRO,1542092,119,40942244,,,,,,,,,,,,,,0,,,,,0,,,,0,0,,"",0,,0,,0,,0,,0,,0,,0,,,,0,,"",,
22-336-0863,1/5/23,67407,INFEWS SUBMISSION 1 MINNEAPOLIS-ST PAUL METRO,1542092,120,40942245,,,,,,,,,,,,,,0,,,,,0,,,,0,0,,"",0,,0,,0,,0,,0,,0,,0,,,,0,,"",,
22-336-0863,1/5/23,67407,INFEWS SUBMISSION 1 MINNEAPOLIS-ST PAUL METRO,1542092,121,40942246,,,,,,,,,,,,,,0,,,,,0,,,,0,0,,"",0,,0,,0,,0,,0,,0,,0,,,,0,,"",,
22-336-0863,1/5/23,67407,INFEWS SUBMISSION 1 MINNEAPOLIS-ST PAUL METRO,1542092,122,40942247,,,,,,,,,,,,,,0,,,,,0,,,,0,0,,"",0,,0,,0,,0,,0,,0,,0,,,,0,,"",,
22-336-0863,1/5/23,67407,INFEWS SUBMISSION 1 MINNEAPOLIS-ST PAUL METRO,1542092,123,40942248,,,,,,,,,,,,,,0,,,,,0,,,,0,0,,"",0,,0,,0,,0,,0,,0,,0,,,,0,,"",,
22-336-0863,1/5/23,67407,INFEWS SUBMISSION 1 MINNEAPOLIS-ST PAUL METRO,1542092,124,40942249,,,,,,,,,,,,,,0,,,,,0,,,,0,0,,"",0,,0,,0,,0,,0,,0,,0,,,,0,,"",,
22-336-0863,1/5/23,67407,INFEWS SUBMISSION 1 MINNEAPOLIS-ST PAUL METRO,1542092,125,40942250,,,,,,,,,,,,,,0,,,,,0,,,,0,0,,"",0,,0,,0,,0,,0,,0,,0,,,,0,,"",,
22-336-0863,1/5/23,67407,INFEWS SUBMISSION 1 MINNEAPOLIS-ST PAUL METRO,1542092,126,40942251,,,,,,,,,,,,,,0,,,,,0,,,,0,0,,"",0,,0,,0,,0,,0,,0,,0,,,,0,,"",,
22-336-0863,1/5/23,67407,INFEWS SUBMISSION 1 MINNEAPOLIS-ST PAUL METRO,1542092,127,40942252,,,,,,,,,,,,,,0,,,,,0,,,,0,0,,"",0,,0,,0,,0,,0,,0,,0,,,,0,,"",,
22-336-0863,1/5/23,67407,INFEWS SUBMISSION 1 MINNEAPOLIS-ST PAUL METRO,1542092,128,40942253,,,,,,,,,,,,,,0,,,,,0,,,,0,0,,"",0,,0,,0,,0,,0,,0,,0,,,,0,,"",,
22-336-0863,1/5/23,67407,INFEWS SUBMISSION 1 MINNEAPOLIS-ST PAUL METRO,1542092,129,40942254,,,,,,,,,,,,,,0,,,,,0,,,,0,0,,"",0,,0,,0,,0,,0,,0,,0,,,,0,,"",,
22-336-0863,1/5/23,67407,INFEWS SUBMISSION 1 MINNEAPOLIS-ST PAUL METRO,1542092,130,40942255,,,,,,,,,,,,,,0,,,,,0,,,,0,0,,"",0,,0,,0,,0,,0,,0,,0,,,,0,,"",,
22-336-0863,1/5/23,67407,INFEWS SUBMISSION 1 MINNEAPOLIS-ST PAUL METRO,1542092,131,40942256,,,,,,,,,,,,,,0,,,,,0,,,,0,0,,"",0,,0,,0,,0,,0,,0,,0,,,,0,,"",,
22-336-0863,1/5/23,67407,INFEWS SUBMISSION 1 MINNEAPOLIS-ST PAUL METRO,1542092,132,40942257,,,,,,,,,,,,,,0,,,,,0,,,,0,0,,"",0,,0,,0,,0,,0,,0,,0,,,,0,,"",,
22-336-0863,1/5/23,67407,INFEWS SUBMISSION 1 MINNEAPOLIS-ST PAUL METRO,1542092,133,40942258,,,,,,,,,,,,,,0,,,,,0,,,,0,0,,"",0,,0,,0,,0,,0,,0,,0,,,,0,,"",,
22-336-0863,1/5/23,67407,INFEWS SUBMISSION 1 MINNEAPOLIS-ST PAUL METRO,1542092,134,40942259,,,,,,,,,,,,,,0,,,,,0,,,,0,0,,"",0,,0,,0,,0,,0,,0,,0,,,,0,,"",,
22-336-0863,1/5/23,67407,INFEWS SUBMISSION 1 MINNEAPOLIS-ST PAUL METRO,1542092,135,40942260,,,,,,,,,,,,,,0,,,,,0,,,,0,0,,"",0,,0,,0,,0,,0,,0,,0,,,,0,,"",,
22-336-0863,1/5/23,67407,INFEWS SUBMISSION 1 MINNEAPOLIS-ST PAUL METRO,1542092,136,40942261,,,,,,,,,,,,,,0,,,,,0,,,,0,0,,"",0,,0,,0,,0,,0,,0,,0,,,,0,,"",,
22-336-0863,1/5/23,67407,INFEWS SUBMISSION 1 MINNEAPOLIS-ST PAUL METRO,1542092,137,40942262,,,,,,,,,,,,,,0,,,,,0,,,,0,0,,"",0,,0,,0,,0,,0,,0,,0,,,,0,,"",,
22-336-0863,1/5/23,67407,INFEWS SUBMISSION 1 MINNEAPOLIS-ST PAUL METRO,1542092,138,40942263,,,,,,,,,,,,,,0,,,,,0,,,,0,0,,"",0,,0,,0,,0,,0,,0,,0,,,,0,,"",,
22-336-0863,1/5/23,67407,INFEWS SUBMISSION 1 MINNEAPOLIS-ST PAUL METRO,1542092,139,40942264,,,,,,,,,,,,,,0,,,,,0,,,,0,0,,"",0,,0,,0,,0,,0,,0,,0,,,,0,,"",,
22-336-0863,1/5/23,67407,INFEWS SUBMISSION 1 MINNEAPOLIS-ST PAUL METRO,1542092,140,40942265,,,,,,,,,,,,,,0,,,,,0,,,,0,0,,"",0,,0,,0,,0,,0,,0,,0,,,,0,,"",,
22-336-0863,1/5/23,67407,INFEWS SUBMISSION 1 MINNEAPOLIS-ST PAUL METRO,1542092,141,40942266,,,,,,,,,,,,,,0,,,,,0,,,,0,0,,"",0,,0,,0,,0,,0,,0,,0,,,,0,,"",,
22-336-0863,1/5/23,67407,INFEWS SUBMISSION 1 MINNEAPOLIS-ST PAUL METRO,1542092,142,40942267,,,,,,,,,,,,,,0,,,,,0,,,,0,0,,"",0,,0,,0,,0,,0,,0,,0,,,,0,,"",,
22-336-0863,1/5/23,67407,INFEWS SUBMISSION 1 MINNEAPOLIS-ST PAUL METRO,1542092,143,40942268,,,,,,,,,,,,,,0,,,,,0,,,,0,0,,"",0,,0,,0,,0,,0,,0,,0,,,,0,,"",,
22-336-0863,1/5/23,67407,INFEWS SUBMISSION 1 MINNEAPOLIS-ST PAUL METRO,1542092,144,40942269,,,,,,,,,,,,,,0,,,,,0,,,,0,0,,"",0,,0,,0,,0,,0,,0,,0,,,,0,,"",,
22-336-0863,1/5/23,67407,INFEWS SUBMISSION 1 MINNEAPOLIS-ST PAUL METRO,1542092,145,40942270,,,,,,,,,,,,,,0,,,,,0,,,,0,0,,"",0,,0,,0,,0,,0,,0,,0,,,,0,,"",,
22-336-0863,1/5/23,67407,INFEWS SUBMISSION 1 MINNEAPOLIS-ST PAUL METRO,1542092,146,40942271,,,,,,,,,,,,,,0,,,,,0,,,,0,0,,"",0,,0,,0,,0,,0,,0,,0,,,,0,,"",,
22-336-0863,1/5/23,67407,INFEWS SUBMISSION 1 MINNEAPOLIS-ST PAUL METRO,1542092,147,40942272,,,,,,,,,,,,,,0,,,,,0,,,,0,0,,"",0,,0,,0,,0,,0,,0,,0,,,,0,,"",,
22-336-0863,1/5/23,67407,INFEWS SUBMISSION 1 MINNEAPOLIS-ST PAUL METRO,1542092,148,40942273,,,,,,,,,,,,,,0,,,,,0,,,,0,0,,"",0,,0,,0,,0,,0,,0,,0,,,,0,,"",,
22-336-0863,1/5/23,67407,INFEWS SUBMISSION 1 MINNEAPOLIS-ST PAUL METRO,1542092,149,40942274,,,,,,,,,,,,,,0,,,,,0,,,,0,0,,"",0,,0,,0,,0,,0,,0,,0,,,,0,,"",,
22-336-0863,1/5/23,67407,INFEWS SUBMISSION 1 MINNEAPOLIS-ST PAUL METRO,1542092,150,40942275,,,,,,,,,,,,,,0,,,,,0,,,,0,0,,"",0,,0,,0,,0,,0,,0,,0,,,,0,,"",,
22-336-0863,1/5/23,67407,INFEWS SUBMISSION 1 MINNEAPOLIS-ST PAUL METRO,1542092,151,40942277,,,,,,,,,,,,,,0,,,,,0,,,,0,0,,"",0,,0,,0,,0,,0,,0,,0,,,,0,,"",,
22-336-0863,1/5/23,67407,INFEWS SUBMISSION 1 MINNEAPOLIS-ST PAUL METRO,1542092,152,40942278,,,,,,,,,,,,,,0,,,,,0,,,,0,0,,"",0,,0,,0,,0,,0,,0,,0,,,,0,,"",,
22-336-0863,1/5/23,67407,INFEWS SUBMISSION 1 MINNEAPOLIS-ST PAUL METRO,1542092,153,40942279,,,,,,,,,,,,,,0,,,,,0,,,,0,0,,"",0,,0,,0,,0,,0,,0,,0,,,,0,,"",,
22-336-0863,1/5/23,67407,INFEWS SUBMISSION 1 MINNEAPOLIS-ST PAUL METRO,1542092,154,40942280,,,,,,,,,,,,,,0,,,,,0,,,,0,0,,"",0,,0,,0,,0,,0,,0,,0,,,,0,,"",,
22-336-0863,1/5/23,67407,INFEWS SUBMISSION 1 MINNEAPOLIS-ST PAUL METRO,1542092,155,40942281,,,,,,,,,,,,,,0,,,,,0,,,,0,0,,"",0,,0,,0,,0,,0,,0,,0,,,,0,,"",,
22-336-0863,1/5/23,67407,INFEWS SUBMISSION 1 MINNEAPOLIS-ST PAUL METRO,1542092,156,40942282,,,,,,,,,,,,,,0,,,,,0,,,,0,0,,"",0,,0,,0,,0,,0,,0,,0,,,,0,,"",,
22-336-0863,1/5/23,67407,INFEWS SUBMISSION 1 MINNEAPOLIS-ST PAUL METRO,1542092,157,40942283,,,,,,,,,,,,,,0,,,,,0,,,,0,0,,"",0,,0,,0,,0,,0,,0,,0,,,,0,,"",,
22-336-0863,1/5/23,67407,INFEWS SUBMISSION 1 MINNEAPOLIS-ST PAUL METRO,1542092,158,40942284,,,,,,,,,,,,,,0,,,,,0,,,,0,0,,"",0,,0,,0,,0,,0,,0,,0,,,,0,,"",,
22-336-0863,1/5/23,67407,INFEWS SUBMISSION 1 MINNEAPOLIS-ST PAUL METRO,1542092,159,40942285,,,,,,,,,,,,,,0,,,,,0,,,,0,0,,"",0,,0,,0,,0,,0,,0,,0,,,,0,,"",,
22-336-0863,1/5/23,67407,INFEWS SUBMISSION 1 MINNEAPOLIS-ST PAUL METRO,1542092,160,40942286,,,,,,,,,,,,,,0,,,,,0,,,,0,0,,"",0,,0,,0,,0,,0,,0,,0,,,,0,,"",,
22-336-0863,1/5/23,67407,INFEWS SUBMISSION 1 MINNEAPOLIS-ST PAUL METRO,1542092,161,40942287,,,,,,,,,,,,,,0,,,,,0,,,,0,0,,"",0,,0,,0,,0,,0,,0,,0,,,,0,,"",,
22-336-0863,1/5/23,67407,INFEWS SUBMISSION 1 MINNEAPOLIS-ST PAUL METRO,1542092,162,40942288,,,,,,,,,,,,,,0,,,,,0,,,,0,0,,"",0,,0,,0,,0,,0,,0,,0,,,,0,,"",,
22-336-0863,1/5/23,67407,INFEWS SUBMISSION 1 MINNEAPOLIS-ST PAUL METRO,1542092,163,40942289,,,,,,,,,,,,,,0,,,,,0,,,,0,0,,"",0,,0,,0,,0,,0,,0,,0,,,,0,,"",,
22-336-0863,1/5/23,67407,INFEWS SUBMISSION 1 MINNEAPOLIS-ST PAUL METRO,1542092,164,40942290,,,,,,,,,,,,,,0,,,,,0,,,,0,0,,"",0,,0,,0,,0,,0,,0,,0,,,,0,,"",,
22-336-0863,1/5/23,67407,INFEWS SUBMISSION 1 MINNEAPOLIS-ST PAUL METRO,1542092,165,40942291,,,,,,,,,,,,,,0,,,,,0,,,,0,0,,"",0,,0,,0,,0,,0,,0,,0,,,,0,,"",,
22-336-0863,1/5/23,67407,INFEWS SUBMISSION 1 MINNEAPOLIS-ST PAUL METRO,1542092,166,40942292,,,,,,,,,,,,,,0,,,,,0,,,,0,0,,"",0,,0,,0,,0,,0,,0,,0,,,,0,,"",,
22-336-0863,1/5/23,67407,INFEWS SUBMISSION 1 MINNEAPOLIS-ST PAUL METRO,1542092,167,40942293,,,,,,,,,,,,,,0,,,,,0,,,,0,0,,"",0,,0,,0,,0,,0,,0,,0,,,,0,,"",,
22-336-0863,1/5/23,67407,INFEWS SUBMISSION 1 MINNEAPOLIS-ST PAUL METRO,1542092,168,40942294,,,,,,,,,,,,,,0,,,,,0,,,,0,0,,"",0,,0,,0,,0,,0,,0,,0,,,,0,,"",,
22-336-0863,1/5/23,67407,INFEWS SUBMISSION 1 MINNEAPOLIS-ST PAUL METRO,1542092,169,40942295,,,,,,,,,,,,,,0,,,,,0,,,,0,0,,"",0,,0,,0,,0,,0,,0,,0,,,,0,,"",,
22-336-0863,1/5/23,67407,INFEWS SUBMISSION 1 MINNEAPOLIS-ST PAUL METRO,1542092,170,40942296,,,,,,,,,,,,,,0,,,,,0,,,,0,0,,"",0,,0,,0,,0,,0,,0,,0,,,,0,,"",,
22-336-0863,1/5/23,67407,INFEWS SUBMISSION 1 MINNEAPOLIS-ST PAUL METRO,1542092,171,40942297,,,,,,,,,,,,,,0,,,,,0,,,,0,0,,"",0,,0,,0,,0,,0,,0,,0,,,,0,,"",,
22-336-0863,1/5/23,67407,INFEWS SUBMISSION 1 MINNEAPOLIS-ST PAUL METRO,1542092,172,40942298,,,,,,,,,,,,,,0,,,,,0,,,,0,0,,"",0,,0,,0,,0,,0,,0,,0,,,,0,,"",,
22-336-0863,1/5/23,67407,INFEWS SUBMISSION 1 MINNEAPOLIS-ST PAUL METRO,1542092,173,40942299,,,,,,,,,,,,,,0,,,,,0,,,,0,0,,"",0,,0,,0,,0,,0,,0,,0,,,,0,,"",,
22-336-0863,1/5/23,67407,INFEWS SUBMISSION 1 MINNEAPOLIS-ST PAUL METRO,1542092,174,40942300,,,,,,,,,,,,,,0,,,,,0,,,,0,0,,"",0,,0,,0,,0,,0,,0,,0,,,,0,,"",,
22-336-0863,1/5/23,67407,INFEWS SUBMISSION 1 MINNEAPOLIS-ST PAUL METRO,1542092,175,40942301,,,,,,,,,,,,,,0,,,,,0,,,,0,0,,"",0,,0,,0,,0,,0,,0,,0,,,,0,,"",,
22-336-0863,1/5/23,67407,INFEWS SUBMISSION 1 MINNEAPOLIS-ST PAUL METRO,1542092,176,40942302,,,,,,,,,,,,,,0,,,,,0,,,,0,0,,"",0,,0,,0,,0,,0,,0,,0,,,,0,,"",,
22-336-0863,1/5/23,67407,INFEWS SUBMISSION 1 MINNEAPOLIS-ST PAUL METRO,1542092,177,40942303,,,,,,,,,,,,,,0,,,,,0,,,,0,0,,"",0,,0,,0,,0,,0,,0,,0,,,,0,,"",,
22-336-0863,1/5/23,67407,INFEWS SUBMISSION 1 MINNEAPOLIS-ST PAUL METRO,1542092,178,40942304,,,,,,,,,,,,,,0,,,,,0,,,,0,0,,"",0,,0,,0,,0,,0,,0,,0,,,,0,,"",,
22-336-0863,1/5/23,67407,INFEWS SUBMISSION 1 MINNEAPOLIS-ST PAUL METRO,1542092,179,40942305,,,,,,,,,,,,,,0,,,,,0,,,,0,0,,"",0,,0,,0,,0,,0,,0,,0,,,,0,,"",,
22-336-0863,1/5/23,67407,INFEWS SUBMISSION 1 MINNEAPOLIS-ST PAUL METRO,1542092,180,40942306,,,,,,,,,,,,,,0,,,,,0,,,,0,0,,"",0,,0,,0,,0,,0,,0,,0,,,,0,,"",,
22-336-0863,1/5/23,67407,INFEWS SUBMISSION 1 MINNEAPOLIS-ST PAUL METRO,1542092,181,40942307,,,,,,,,,,,,,,0,,,,,0,,,,0,0,,"",0,,0,,0,,0,,0,,0,,0,,,,0,,"",,
22-336-0863,1/5/23,67407,INFEWS SUBMISSION 1 MINNEAPOLIS-ST PAUL METRO,1542092,182,40942308,,,,,,,,,,,,,,0,,,,,0,,,,0,0,,"",0,,0,,0,,0,,0,,0,,0,,,,0,,"",,
22-336-0863,1/5/23,67407,INFEWS SUBMISSION 1 MINNEAPOLIS-ST PAUL METRO,1542092,183,40942309,,,,,,,,,,,,,,0,,,,,0,,,,0,0,,"",0,,0,,0,,0,,0,,0,,0,,,,0,,"",,
22-336-0863,1/5/23,67407,INFEWS SUBMISSION 1 MINNEAPOLIS-ST PAUL METRO,1542092,184,40942310,,,,,,,,,,,,,,0,,,,,0,,,,0,0,,"",0,,0,,0,,0,,0,,0,,0,,,,0,,"",,
22-336-0863,1/5/23,67407,INFEWS SUBMISSION 1 MINNEAPOLIS-ST PAUL METRO,1542092,185,40942311,,,,,,,,,,,,,,0,,,,,0,,,,0,0,,"",0,,0,,0,,0,,0,,0,,0,,,,0,,"",,
22-336-0863,1/5/23,67407,INFEWS SUBMISSION 1 MINNEAPOLIS-ST PAUL METRO,1542092,186,40942312,,,,,,,,,,,,,,0,,,,,0,,,,0,0,,"",0,,0,,0,,0,,0,,0,,0,,,,0,,"",,
22-336-0863,1/5/23,67407,INFEWS SUBMISSION 1 MINNEAPOLIS-ST PAUL METRO,1542092,187,40942313,,,,,,,,,,,,,,0,,,,,0,,,,0,0,,"",0,,0,,0,,0,,0,,0,,0,,,,0,,"",,
22-336-0863,1/5/23,67407,INFEWS SUBMISSION 1 MINNEAPOLIS-ST PAUL METRO,1542092,188,40942314,,,,,,,,,,,,,,0,,,,,0,,,,0,0,,"",0,,0,,0,,0,,0,,0,,0,,,,0,,"",,
22-336-0863,1/5/23,67407,INFEWS SUBMISSION 1 MINNEAPOLIS-ST PAUL METRO,1542092,189,40942316,,,,,,,,,,,,,,0,,,,,0,,,,0,0,,"",0,,0,,0,,0,,0,,0,,0,,,,0,,"",,
22-336-0863,1/5/23,67407,INFEWS SUBMISSION 1 MINNEAPOLIS-ST PAUL METRO,1542092,190,40942317,,,,,,,,,,,,,,0,,,,,0,,,,0,0,,"",0,,0,,0,,0,,0,,0,,0,,,,0,,"",,
22-336-0863,1/5/23,67407,INFEWS SUBMISSION 1 MINNEAPOLIS-ST PAUL METRO,1542092,191,40942318,,,,,,,,,,,,,,0,,,,,0,,,,0,0,,"",0,,0,,0,,0,,0,,0,,0,,,,0,,"",,
22-336-0863,1/5/23,67407,INFEWS SUBMISSION 1 MINNEAPOLIS-ST PAUL METRO,1542092,192,40942319,,,,,,,,,,,,,,0,,,,,0,,,,0,0,,"",0,,0,,0,,0,,0,,0,,0,,,,0,,"",,
22-336-0863,1/5/23,67407,INFEWS SUBMISSION 1 MINNEAPOLIS-ST PAUL METRO,1542092,193,40942320,,,,,,,,,,,,,,0,,,,,0,,,,0,0,,"",0,,0,,0,,0,,0,,0,,0,,,,0,,"",,
22-336-0863,1/5/23,67407,INFEWS SUBMISSION 1 MINNEAPOLIS-ST PAUL METRO,1542092,194,40942321,,,,,,,,,,,,,,0,,,,,0,,,,0,0,,"",0,,0,,0,,0,,0,,0,,0,,,,0,,"",,
22-336-0863,1/5/23,67407,INFEWS SUBMISSION 1 MINNEAPOLIS-ST PAUL METRO,1542092,195,40942322,,,,,,,,,,,,,,0,,,,,0,,,,0,0,,"",0,,0,,0,,0,,0,,0,,0,,,,0,,"",,
22-336-0863,1/5/23,67407,INFEWS SUBMISSION 1 MINNEAPOLIS-ST PAUL METRO,1542092,196,40942323,,,,,,,,,,,,,,0,,,,,0,,,,0,0,,"",0,,0,,0,,0,,0,,0,,0,,,,0,,"",,
22-336-0863,1/5/23,67407,INFEWS SUBMISSION 1 MINNEAPOLIS-ST PAUL METRO,1542092,197,40942324,,,,,,,,,,,,,,0,,,,,0,,,,0,0,,"",0,,0,,0,,0,,0,,0,,0,,,,0,,"",,
22-336-0863,1/5/23,67407,INFEWS SUBMISSION 1 MINNEAPOLIS-ST PAUL METRO,1542092,198,40942325,,,,,,,,,,,,,,0,,,,,0,,,,0,0,,"",0,,0,,0,,0,,0,,0,,0,,,,0,,"",,
